-- phpMyAdmin SQL Dump
-- version 4.8.2
-- https://www.phpmyadmin.net/
--
-- Host: 127.0.0.1
-- Generation Time: May 01, 2020 at 06:15 PM
-- Server version: 10.1.34-MariaDB
-- PHP Version: 7.2.7

SET SQL_MODE = "NO_AUTO_VALUE_ON_ZERO";
SET AUTOCOMMIT = 0;
START TRANSACTION;
SET time_zone = "+00:00";


/*!40101 SET @OLD_CHARACTER_SET_CLIENT=@@CHARACTER_SET_CLIENT */;
/*!40101 SET @OLD_CHARACTER_SET_RESULTS=@@CHARACTER_SET_RESULTS */;
/*!40101 SET @OLD_COLLATION_CONNECTION=@@COLLATION_CONNECTION */;
/*!40101 SET NAMES utf8mb4 */;

--
-- Database: `safe`
--

-- --------------------------------------------------------

--
-- Table structure for table `deposite`
--

CREATE TABLE `deposite` (
  `id` bigint(20) UNSIGNED NOT NULL,
  `member_id` bigint(20) UNSIGNED NOT NULL,
  `month` varchar(50) COLLATE utf8mb4_unicode_ci DEFAULT NULL,
  `year` varchar(50) COLLATE utf8mb4_unicode_ci DEFAULT NULL,
  `type` varchar(50) COLLATE utf8mb4_unicode_ci DEFAULT NULL,
  `note` text COLLATE utf8mb4_unicode_ci,
  `amount` varchar(50) COLLATE utf8mb4_unicode_ci DEFAULT NULL,
  `payment_day` varchar(50) COLLATE utf8mb4_unicode_ci DEFAULT NULL,
  `payment_month` varchar(50) COLLATE utf8mb4_unicode_ci DEFAULT NULL,
  `payment_year` varchar(50) COLLATE utf8mb4_unicode_ci DEFAULT NULL,
  `payment_time` varchar(50) COLLATE utf8mb4_unicode_ci DEFAULT NULL,
  `payment_date` varchar(50) COLLATE utf8mb4_unicode_ci DEFAULT NULL,
  `status` enum('active','inactive') COLLATE utf8mb4_unicode_ci DEFAULT NULL,
  `created_by` varchar(50) COLLATE utf8mb4_unicode_ci DEFAULT NULL,
  `updated_by` varchar(50) COLLATE utf8mb4_unicode_ci DEFAULT NULL,
  `created_at` timestamp NULL DEFAULT NULL,
  `updated_at` timestamp NULL DEFAULT NULL
) ENGINE=InnoDB DEFAULT CHARSET=utf8mb4 COLLATE=utf8mb4_unicode_ci;

--
-- Dumping data for table `deposite`
--

INSERT INTO `deposite` (`id`, `member_id`, `month`, `year`, `type`, `note`, `amount`, `payment_day`, `payment_month`, `payment_year`, `payment_time`, `payment_date`, `status`, `created_by`, `updated_by`, `created_at`, `updated_at`) VALUES
(5, 2, 'April', '2019', 'Monthly', NULL, '2000', 'Sunday', 'April', '2020', ' 03:02:44pm', '26-04-2020', 'active', '2', '2', '2020-04-26 15:32:29', '2020-04-26 19:02:44'),
(6, 2, 'February', '2019', 'Monthly', NULL, '2000', 'Sunday', 'April', '2020', ' 11:33:16am', '26-04-2020', 'active', '2', NULL, '2020-04-26 15:33:16', '2020-04-26 15:33:16'),
(7, 2, 'March', '2019', 'Monthly', NULL, '2000', 'Sunday', 'April', '2020', ' 11:34:44am', '26-04-2020', 'active', '2', NULL, '2020-04-26 15:34:44', '2020-04-26 15:34:44'),
(8, 2, 'January', '2019', 'Registration', NULL, '100', 'Sunday', 'April', '2020', ' 03:01:36pm', '26-04-2020', 'active', '2', NULL, '2020-04-26 19:01:36', '2020-04-26 19:01:36'),
(9, 1, 'January', '2019', 'Monthly', NULL, '2000', 'Sunday', 'April', '2020', ' 03:03:56pm', '26-04-2020', 'active', '2', NULL, '2020-04-26 19:03:56', '2020-04-26 19:03:56'),
(10, 2, 'January', '2019', 'Monthly', NULL, '2000', 'Sunday', 'April', '2020', ' 03:04:44pm', '26-04-2020', 'active', '2', NULL, '2020-04-26 19:04:44', '2020-04-26 19:04:44'),
(11, 2, 'May', '2019', 'Monthly', NULL, '2000', 'Sunday', 'April', '2020', ' 03:05:26pm', '26-04-2020', 'active', '2', NULL, '2020-04-26 19:05:26', '2020-04-26 19:05:26'),
(12, 2, 'June', '2019', 'Monthly', NULL, '2000', 'Sunday', 'April', '2020', ' 03:05:44pm', '26-04-2020', 'active', '2', NULL, '2020-04-26 19:05:44', '2020-04-26 19:05:44'),
(13, 2, 'July', '2019', 'Monthly', NULL, '2000', 'Sunday', 'April', '2020', ' 03:06:22pm', '26-04-2020', 'active', '2', NULL, '2020-04-26 19:06:22', '2020-04-26 19:06:22'),
(14, 2, 'August', '2019', 'Monthly', NULL, '2000', 'Sunday', 'April', '2020', ' 03:06:45pm', '26-04-2020', 'active', '2', NULL, '2020-04-26 19:06:45', '2020-04-26 19:06:45'),
(15, 2, 'September', '2019', 'Monthly', NULL, '2000', 'Sunday', 'April', '2020', ' 03:07:44pm', '26-04-2020', 'active', '2', NULL, '2020-04-26 19:07:44', '2020-04-26 19:07:44'),
(16, 2, 'October', '2019', 'Monthly', NULL, '2000', 'Sunday', 'April', '2020', ' 03:08:22pm', '26-04-2020', 'active', '2', NULL, '2020-04-26 19:08:22', '2020-04-26 19:08:22'),
(17, 2, 'November', '2019', 'Monthly', NULL, '2000', 'Sunday', 'April', '2020', ' 03:09:23pm', '26-04-2020', 'active', '2', NULL, '2020-04-26 19:09:23', '2020-04-26 19:09:23'),
(18, 2, 'December', '2019', 'Monthly', NULL, '2000', 'Sunday', 'April', '2020', ' 03:09:39pm', '26-04-2020', 'active', '2', NULL, '2020-04-26 19:09:39', '2020-04-26 19:09:39'),
(20, 2, 'January', '2019', 'Yearly', NULL, '6000', 'Sunday', 'April', '2020', ' 03:10:37pm', '26-04-2020', 'active', '2', NULL, '2020-04-26 19:10:37', '2020-04-26 19:10:37'),
(23, 2, 'January', '2020', 'Monthly', NULL, '2000', 'Sunday', 'April', '2020', ' 09:20:13pm', '26-04-2020', 'active', '3', NULL, '2020-04-27 01:20:13', '2020-04-27 01:20:13'),
(24, 7, 'January', '2019', 'Registration', NULL, '100', 'Monday', 'April', '2020', ' 01:39:39pm', '27-04-2020', 'active', '3', NULL, '2020-04-27 17:39:39', '2020-04-27 17:39:39'),
(25, 7, 'January', '2019', 'Monthly', NULL, '2000', 'Monday', 'April', '2020', ' 01:39:58pm', '27-04-2020', 'active', '3', NULL, '2020-04-27 17:39:58', '2020-04-27 17:39:58'),
(26, 7, 'February', '2019', 'Monthly', NULL, '2000', 'Monday', 'April', '2020', ' 01:40:12pm', '27-04-2020', 'active', '3', NULL, '2020-04-27 17:40:12', '2020-04-27 17:40:12'),
(27, 7, 'March', '2019', 'Monthly', NULL, '2000', 'Monday', 'April', '2020', ' 01:40:22pm', '27-04-2020', 'active', '3', NULL, '2020-04-27 17:40:22', '2020-04-27 17:40:22'),
(28, 7, 'April', '2019', 'Monthly', NULL, '2000', 'Monday', 'April', '2020', ' 01:40:32pm', '27-04-2020', 'active', '3', NULL, '2020-04-27 17:40:32', '2020-04-27 17:40:32'),
(29, 7, 'May', '2019', 'Monthly', NULL, '2000', 'Monday', 'April', '2020', ' 01:40:47pm', '27-04-2020', 'active', '3', NULL, '2020-04-27 17:40:47', '2020-04-27 17:40:47'),
(30, 7, 'June', '2019', 'Monthly', NULL, '2000', 'Monday', 'April', '2020', ' 01:40:59pm', '27-04-2020', 'active', '3', NULL, '2020-04-27 17:40:59', '2020-04-27 17:40:59'),
(31, 7, 'July', '2019', 'Monthly', NULL, '2000', 'Monday', 'April', '2020', ' 01:41:11pm', '27-04-2020', 'active', '3', NULL, '2020-04-27 17:41:11', '2020-04-27 17:41:11'),
(32, 7, 'August', '2019', 'Monthly', NULL, '2000', 'Monday', 'April', '2020', ' 01:41:22pm', '27-04-2020', 'active', '3', NULL, '2020-04-27 17:41:22', '2020-04-27 17:41:22'),
(33, 7, 'September', '2019', 'Monthly', NULL, '2000', 'Monday', 'April', '2020', ' 01:41:34pm', '27-04-2020', 'active', '3', NULL, '2020-04-27 17:41:34', '2020-04-27 17:41:34'),
(34, 7, 'October', '2019', 'Monthly', NULL, '2000', 'Monday', 'April', '2020', ' 01:41:48pm', '27-04-2020', 'active', '3', NULL, '2020-04-27 17:41:48', '2020-04-27 17:41:48'),
(35, 7, 'November', '2019', 'Monthly', NULL, '2000', 'Monday', 'April', '2020', ' 01:42:02pm', '27-04-2020', 'active', '3', NULL, '2020-04-27 17:42:02', '2020-04-27 17:42:02'),
(36, 7, 'December', '2019', 'Monthly', NULL, '2000', 'Monday', 'April', '2020', ' 01:42:16pm', '27-04-2020', 'active', '3', NULL, '2020-04-27 17:42:16', '2020-04-27 17:42:16'),
(37, 7, 'December', '2019', 'Yearly', NULL, '6000', 'Monday', 'April', '2020', ' 01:42:53pm', '27-04-2020', 'active', '3', '3', '2020-04-27 17:42:34', '2020-04-27 17:42:53'),
(38, 7, 'January', '2020', 'Monthly', NULL, '2000', 'Monday', 'April', '2020', ' 01:48:22pm', '27-04-2020', 'active', '3', NULL, '2020-04-27 17:48:22', '2020-04-27 17:48:22'),
(39, 7, 'February', '2020', 'Monthly', NULL, '2000', 'Monday', 'April', '2020', ' 01:48:37pm', '27-04-2020', 'active', '3', NULL, '2020-04-27 17:48:37', '2020-04-27 17:48:37'),
(40, 7, 'March', '2020', 'Monthly', NULL, '2000', 'Monday', 'April', '2020', ' 01:48:52pm', '27-04-2020', 'active', '3', NULL, '2020-04-27 17:48:52', '2020-04-27 17:48:52'),
(41, 8, 'January', '2019', 'Registration', NULL, '100', 'Monday', 'April', '2020', ' 02:56:24pm', '27-04-2020', 'active', '2', NULL, '2020-04-27 18:56:24', '2020-04-27 18:56:24'),
(42, 8, 'January', '2019', 'Monthly', NULL, '2000', 'Monday', 'April', '2020', ' 02:56:48pm', '27-04-2020', 'active', '2', NULL, '2020-04-27 18:56:48', '2020-04-27 18:56:48'),
(43, 8, 'February', '2019', 'Monthly', NULL, '2000', 'Monday', 'April', '2020', ' 02:57:03pm', '27-04-2020', 'active', '2', NULL, '2020-04-27 18:57:03', '2020-04-27 18:57:03'),
(44, 8, 'March', '2019', 'Monthly', NULL, '2000', 'Monday', 'April', '2020', ' 02:57:21pm', '27-04-2020', 'active', '2', NULL, '2020-04-27 18:57:21', '2020-04-27 18:57:21'),
(45, 8, 'April', '2019', 'Monthly', NULL, '2000', 'Monday', 'April', '2020', ' 02:57:37pm', '27-04-2020', 'active', '2', NULL, '2020-04-27 18:57:37', '2020-04-27 18:57:37'),
(46, 8, 'May', '2019', 'Monthly', NULL, '2000', 'Monday', 'April', '2020', ' 02:58:01pm', '27-04-2020', 'active', '2', NULL, '2020-04-27 18:58:01', '2020-04-27 18:58:01'),
(47, 8, 'June', '2019', 'Monthly', NULL, '2000', 'Monday', 'April', '2020', ' 02:58:17pm', '27-04-2020', 'active', '2', NULL, '2020-04-27 18:58:17', '2020-04-27 18:58:17'),
(48, 8, 'July', '2019', 'Monthly', NULL, '2000', 'Monday', 'April', '2020', ' 02:58:33pm', '27-04-2020', 'active', '2', NULL, '2020-04-27 18:58:33', '2020-04-27 18:58:33'),
(49, 8, 'August', '2019', 'Monthly', NULL, '2000', 'Monday', 'April', '2020', ' 02:58:57pm', '27-04-2020', 'active', '2', NULL, '2020-04-27 18:58:57', '2020-04-27 18:58:57'),
(50, 8, 'September', '2019', 'Monthly', NULL, '2000', 'Monday', 'April', '2020', ' 02:59:25pm', '27-04-2020', 'active', '2', NULL, '2020-04-27 18:59:25', '2020-04-27 18:59:25'),
(51, 8, 'October', '2019', 'Monthly', NULL, '2000', 'Monday', 'April', '2020', ' 02:59:49pm', '27-04-2020', 'active', '2', NULL, '2020-04-27 18:59:49', '2020-04-27 18:59:49'),
(52, 8, 'November', '2019', 'Monthly', NULL, '2000', 'Monday', 'April', '2020', ' 03:00:08pm', '27-04-2020', 'active', '2', NULL, '2020-04-27 19:00:08', '2020-04-27 19:00:08'),
(53, 8, 'December', '2019', 'Monthly', NULL, '2000', 'Monday', 'April', '2020', ' 03:00:37pm', '27-04-2020', 'active', '2', NULL, '2020-04-27 19:00:37', '2020-04-27 19:00:37'),
(54, 8, 'December', '2019', 'Yearly', NULL, '6000', 'Monday', 'April', '2020', ' 03:01:07pm', '27-04-2020', 'active', '2', NULL, '2020-04-27 19:01:07', '2020-04-27 19:01:07'),
(55, 8, 'January', '2020', 'Monthly', NULL, '2000', 'Monday', 'April', '2020', ' 03:01:23pm', '27-04-2020', 'active', '2', NULL, '2020-04-27 19:01:23', '2020-04-27 19:01:23'),
(56, 8, 'February', '2020', 'Monthly', NULL, '2000', 'Monday', 'April', '2020', ' 03:01:40pm', '27-04-2020', 'active', '2', NULL, '2020-04-27 19:01:40', '2020-04-27 19:01:40'),
(57, 8, 'March', '2020', 'Monthly', NULL, '2000', 'Monday', 'April', '2020', ' 03:17:16pm', '27-04-2020', 'active', '2', '2', '2020-04-27 19:03:10', '2020-04-27 19:17:16'),
(58, 9, 'January', '2019', 'Registration', NULL, '100', 'Monday', 'April', '2020', ' 03:06:10pm', '27-04-2020', 'active', '2', NULL, '2020-04-27 19:06:10', '2020-04-27 19:06:10'),
(59, 9, 'January', '2019', 'Monthly', NULL, '2000', 'Monday', 'April', '2020', ' 03:06:22pm', '27-04-2020', 'active', '2', NULL, '2020-04-27 19:06:22', '2020-04-27 19:06:22'),
(60, 9, 'February', '2019', 'Monthly', NULL, '2000', 'Monday', 'April', '2020', ' 03:06:36pm', '27-04-2020', 'active', '2', NULL, '2020-04-27 19:06:36', '2020-04-27 19:06:36'),
(61, 9, 'March', '2019', 'Monthly', NULL, '2000', 'Monday', 'April', '2020', ' 03:06:51pm', '27-04-2020', 'active', '2', NULL, '2020-04-27 19:06:51', '2020-04-27 19:06:51'),
(62, 9, 'January', '2020', 'Monthly', NULL, '2000', 'Monday', 'April', '2020', ' 03:07:12pm', '27-04-2020', 'active', '2', NULL, '2020-04-27 19:07:12', '2020-04-27 19:07:12'),
(63, 9, 'February', '2020', 'Monthly', NULL, '2000', 'Monday', 'April', '2020', ' 03:07:34pm', '27-04-2020', 'active', '2', NULL, '2020-04-27 19:07:34', '2020-04-27 19:07:34'),
(64, 9, 'March', '2020', 'Monthly', NULL, '2000', 'Monday', 'April', '2020', ' 03:07:59pm', '27-04-2020', 'active', '2', NULL, '2020-04-27 19:07:59', '2020-04-27 19:07:59'),
(66, 2, 'February', '2020', 'Monthly', NULL, '2000', 'Monday', 'April', '2020', ' 03:15:37pm', '27-04-2020', 'active', '2', NULL, '2020-04-27 19:15:37', '2020-04-27 19:15:37'),
(67, 2, 'March', '2020', 'Monthly', NULL, '2000', 'Monday', 'April', '2020', ' 03:16:08pm', '27-04-2020', 'active', '2', NULL, '2020-04-27 19:16:08', '2020-04-27 19:16:08'),
(68, 1, 'January', '2019', 'Registration', NULL, '100', 'Monday', 'April', '2020', ' 03:27:33pm', '27-04-2020', 'active', '2', '2', '2020-04-27 19:21:01', '2020-04-27 19:27:33'),
(69, 1, 'February', '2019', 'Monthly', NULL, '2000', 'Monday', 'April', '2020', ' 03:21:17pm', '27-04-2020', 'active', '2', NULL, '2020-04-27 19:21:17', '2020-04-27 19:21:17'),
(70, 1, 'March', '2019', 'Monthly', NULL, '2000', 'Monday', 'April', '2020', ' 03:21:30pm', '27-04-2020', 'active', '2', NULL, '2020-04-27 19:21:30', '2020-04-27 19:21:30'),
(71, 1, 'April', '2019', 'Monthly', NULL, '2000', 'Monday', 'April', '2020', ' 03:21:46pm', '27-04-2020', 'active', '2', NULL, '2020-04-27 19:21:46', '2020-04-27 19:21:46'),
(72, 1, 'May', '2019', 'Monthly', NULL, '2000', 'Monday', 'April', '2020', ' 03:22:03pm', '27-04-2020', 'active', '2', NULL, '2020-04-27 19:22:03', '2020-04-27 19:22:03'),
(73, 1, 'June', '2019', 'Monthly', NULL, '2000', 'Monday', 'April', '2020', ' 03:22:47pm', '27-04-2020', 'active', '2', NULL, '2020-04-27 19:22:47', '2020-04-27 19:22:47'),
(74, 1, 'January', '2020', 'Monthly', NULL, '2000', 'Monday', 'April', '2020', ' 03:23:44pm', '27-04-2020', 'active', '2', NULL, '2020-04-27 19:23:44', '2020-04-27 19:23:44'),
(75, 1, 'February', '2020', 'Monthly', NULL, '2000', 'Monday', 'April', '2020', ' 03:24:03pm', '27-04-2020', 'active', '2', NULL, '2020-04-27 19:24:03', '2020-04-27 19:24:03'),
(76, 10, 'January', '2019', 'Registration', NULL, '100', 'Monday', 'April', '2020', ' 06:23:52pm', '27-04-2020', 'active', '3', NULL, '2020-04-27 22:23:52', '2020-04-27 22:23:52'),
(77, 10, 'January', '2019', 'Monthly', NULL, '2000', 'Monday', 'April', '2020', ' 06:26:37pm', '27-04-2020', 'active', '3', '3', '2020-04-27 22:24:14', '2020-04-27 22:26:37'),
(78, 10, 'February', '2019', 'Monthly', NULL, '2000', 'Monday', 'April', '2020', ' 06:24:56pm', '27-04-2020', 'active', '3', NULL, '2020-04-27 22:24:56', '2020-04-27 22:24:56'),
(79, 10, 'March', '2019', 'Monthly', NULL, '2000', 'Monday', 'April', '2020', ' 06:25:12pm', '27-04-2020', 'active', '3', NULL, '2020-04-27 22:25:12', '2020-04-27 22:25:12'),
(80, 10, 'April', '2019', 'Monthly', NULL, '2000', 'Monday', 'April', '2020', ' 06:25:29pm', '27-04-2020', 'active', '3', NULL, '2020-04-27 22:25:29', '2020-04-27 22:25:29'),
(81, 10, 'May', '2019', 'Monthly', NULL, '2000', 'Monday', 'April', '2020', ' 06:25:46pm', '27-04-2020', 'active', '3', NULL, '2020-04-27 22:25:46', '2020-04-27 22:25:46'),
(82, 10, 'June', '2019', 'Monthly', NULL, '2000', 'Monday', 'April', '2020', ' 06:26:05pm', '27-04-2020', 'active', '3', NULL, '2020-04-27 22:26:05', '2020-04-27 22:26:05'),
(83, 10, 'July', '2019', 'Monthly', NULL, '2000', 'Monday', 'April', '2020', ' 06:27:05pm', '27-04-2020', 'active', '3', NULL, '2020-04-27 22:27:05', '2020-04-27 22:27:05'),
(84, 10, 'August', '2019', 'Monthly', NULL, '2000', 'Monday', 'April', '2020', ' 06:27:21pm', '27-04-2020', 'active', '3', NULL, '2020-04-27 22:27:21', '2020-04-27 22:27:21'),
(85, 10, 'September', '2019', 'Monthly', NULL, '2000', 'Monday', 'April', '2020', ' 06:27:36pm', '27-04-2020', 'active', '3', NULL, '2020-04-27 22:27:36', '2020-04-27 22:27:36'),
(86, 10, 'October', '2019', 'Monthly', NULL, '2000', 'Monday', 'April', '2020', ' 06:28:10pm', '27-04-2020', 'active', '3', NULL, '2020-04-27 22:28:10', '2020-04-27 22:28:10'),
(87, 10, 'November', '2019', 'Monthly', NULL, '2000', 'Monday', 'April', '2020', ' 06:28:41pm', '27-04-2020', 'active', '3', NULL, '2020-04-27 22:28:41', '2020-04-27 22:28:41'),
(88, 10, 'December', '2019', 'Monthly', NULL, '2000', 'Monday', 'April', '2020', ' 06:28:58pm', '27-04-2020', 'active', '3', NULL, '2020-04-27 22:28:58', '2020-04-27 22:28:58'),
(89, 10, 'December', '2019', 'Yearly', NULL, '6000', 'Monday', 'April', '2020', ' 06:29:23pm', '27-04-2020', 'active', '3', NULL, '2020-04-27 22:29:23', '2020-04-27 22:29:23'),
(90, 10, 'January', '2020', 'Monthly', NULL, '2000', 'Monday', 'April', '2020', ' 06:50:51pm', '27-04-2020', 'active', '3', NULL, '2020-04-27 22:50:51', '2020-04-27 22:50:51'),
(91, 10, 'February', '2020', 'Monthly', NULL, '2000', 'Monday', 'April', '2020', ' 06:51:10pm', '27-04-2020', 'active', '3', NULL, '2020-04-27 22:51:10', '2020-04-27 22:51:10'),
(92, 10, 'March', '2020', 'Monthly', NULL, '2000', 'Monday', 'April', '2020', ' 06:51:32pm', '27-04-2020', 'active', '3', NULL, '2020-04-27 22:51:32', '2020-04-27 22:51:32'),
(93, 11, 'January', '2019', 'Registration', NULL, '100', 'Monday', 'April', '2020', ' 08:04:48pm', '27-04-2020', 'active', '3', NULL, '2020-04-28 00:04:48', '2020-04-28 00:04:48'),
(94, 11, 'January', '2019', 'Monthly', NULL, '2000', 'Monday', 'April', '2020', ' 08:05:12pm', '27-04-2020', 'active', '3', NULL, '2020-04-28 00:05:12', '2020-04-28 00:05:12'),
(95, 11, 'August', '2019', 'Monthly', NULL, '2000', 'Monday', 'April', '2020', ' 08:05:34pm', '27-04-2020', 'active', '3', NULL, '2020-04-28 00:05:34', '2020-04-28 00:05:34'),
(96, 11, 'September', '2019', 'Monthly', NULL, '2000', 'Monday', 'April', '2020', ' 08:06:01pm', '27-04-2020', 'active', '3', NULL, '2020-04-28 00:06:01', '2020-04-28 00:06:01'),
(97, 11, 'October', '2019', 'Monthly', NULL, '2000', 'Monday', 'April', '2020', ' 08:06:25pm', '27-04-2020', 'active', '3', NULL, '2020-04-28 00:06:25', '2020-04-28 00:06:25'),
(98, 11, 'November', '2019', 'Monthly', NULL, '2000', 'Monday', 'April', '2020', ' 08:06:45pm', '27-04-2020', 'active', '3', NULL, '2020-04-28 00:06:45', '2020-04-28 00:06:45'),
(99, 11, 'December', '2019', 'Monthly', NULL, '2000', 'Monday', 'April', '2020', ' 08:07:00pm', '27-04-2020', 'active', '3', NULL, '2020-04-28 00:07:00', '2020-04-28 00:07:00'),
(100, 11, 'December', '2019', 'Yearly', NULL, '6000', 'Monday', 'April', '2020', ' 08:07:28pm', '27-04-2020', 'active', '3', NULL, '2020-04-28 00:07:28', '2020-04-28 00:07:28'),
(101, 11, 'January', '2020', 'Monthly', NULL, '2000', 'Monday', 'April', '2020', ' 08:08:40pm', '27-04-2020', 'active', '3', NULL, '2020-04-28 00:08:40', '2020-04-28 00:08:40'),
(102, 11, 'February', '2020', 'Monthly', NULL, '2000', 'Monday', 'April', '2020', ' 08:08:58pm', '27-04-2020', 'active', '3', NULL, '2020-04-28 00:08:58', '2020-04-28 00:08:58'),
(103, 10, 'April', '2020', 'Monthly', NULL, '2000', 'Monday', 'April', '2020', ' 08:10:17pm', '27-04-2020', 'active', '3', NULL, '2020-04-28 00:10:17', '2020-04-28 00:10:17'),
(104, 12, 'January', '2019', 'Registration', NULL, '100', 'Monday', 'April', '2020', ' 08:49:31pm', '27-04-2020', 'active', '3', NULL, '2020-04-28 00:49:31', '2020-04-28 00:49:31'),
(105, 12, 'January', '2019', 'Monthly', NULL, '2000', 'Monday', 'April', '2020', ' 08:49:43pm', '27-04-2020', 'active', '3', NULL, '2020-04-28 00:49:43', '2020-04-28 00:49:43'),
(106, 12, 'February', '2019', 'Monthly', NULL, '2000', 'Monday', 'April', '2020', ' 08:50:00pm', '27-04-2020', 'active', '3', NULL, '2020-04-28 00:50:00', '2020-04-28 00:50:00'),
(107, 12, 'March', '2019', 'Monthly', NULL, '2000', 'Monday', 'April', '2020', ' 08:50:15pm', '27-04-2020', 'active', '3', NULL, '2020-04-28 00:50:15', '2020-04-28 00:50:15'),
(108, 12, 'April', '2019', 'Monthly', NULL, '2000', 'Monday', 'April', '2020', ' 08:50:38pm', '27-04-2020', 'active', '3', NULL, '2020-04-28 00:50:38', '2020-04-28 00:50:38'),
(109, 12, 'May', '2019', 'Monthly', NULL, '2000', 'Monday', 'April', '2020', ' 08:50:51pm', '27-04-2020', 'active', '3', NULL, '2020-04-28 00:50:51', '2020-04-28 00:50:51'),
(110, 12, 'June', '2019', 'Monthly', NULL, '2000', 'Monday', 'April', '2020', ' 08:51:09pm', '27-04-2020', 'active', '3', NULL, '2020-04-28 00:51:09', '2020-04-28 00:51:09'),
(111, 12, 'July', '2019', 'Monthly', NULL, '2000', 'Monday', 'April', '2020', ' 08:51:23pm', '27-04-2020', 'active', '3', NULL, '2020-04-28 00:51:23', '2020-04-28 00:51:23'),
(112, 12, 'August', '2019', 'Monthly', NULL, '2000', 'Monday', 'April', '2020', ' 08:51:38pm', '27-04-2020', 'active', '3', NULL, '2020-04-28 00:51:38', '2020-04-28 00:51:38'),
(113, 12, 'September', '2019', 'Monthly', NULL, '2000', 'Monday', 'April', '2020', ' 08:51:59pm', '27-04-2020', 'active', '3', NULL, '2020-04-28 00:51:59', '2020-04-28 00:51:59'),
(114, 12, 'October', '2019', 'Monthly', NULL, '2000', 'Monday', 'April', '2020', ' 08:52:17pm', '27-04-2020', 'active', '3', NULL, '2020-04-28 00:52:17', '2020-04-28 00:52:17'),
(115, 12, 'November', '2019', 'Monthly', NULL, '2000', 'Monday', 'April', '2020', ' 08:52:33pm', '27-04-2020', 'active', '3', NULL, '2020-04-28 00:52:33', '2020-04-28 00:52:33'),
(116, 12, 'December', '2019', 'Monthly', NULL, '2000', 'Monday', 'April', '2020', ' 08:52:57pm', '27-04-2020', 'active', '3', NULL, '2020-04-28 00:52:57', '2020-04-28 00:52:57'),
(117, 12, 'December', '2019', 'Yearly', NULL, '6000', 'Monday', 'April', '2020', ' 08:53:18pm', '27-04-2020', 'active', '3', NULL, '2020-04-28 00:53:18', '2020-04-28 00:53:18'),
(118, 12, 'January', '2020', 'Monthly', NULL, '2000', 'Monday', 'April', '2020', ' 08:53:33pm', '27-04-2020', 'active', '3', NULL, '2020-04-28 00:53:33', '2020-04-28 00:53:33'),
(119, 12, 'February', '2020', 'Monthly', NULL, '2000', 'Monday', 'April', '2020', ' 08:54:16pm', '27-04-2020', 'active', '3', NULL, '2020-04-28 00:54:16', '2020-04-28 00:54:16'),
(120, 13, 'January', '2019', 'Registration', NULL, '100', 'Monday', 'April', '2020', ' 09:05:45pm', '27-04-2020', 'active', '3', NULL, '2020-04-28 01:05:45', '2020-04-28 01:05:45'),
(121, 13, 'January', '2019', 'Monthly', NULL, '2000', 'Monday', 'April', '2020', ' 09:05:58pm', '27-04-2020', 'active', '3', NULL, '2020-04-28 01:05:58', '2020-04-28 01:05:58'),
(122, 13, 'February', '2019', 'Monthly', NULL, '2000', 'Monday', 'April', '2020', ' 09:06:11pm', '27-04-2020', 'active', '3', NULL, '2020-04-28 01:06:11', '2020-04-28 01:06:11'),
(123, 13, 'March', '2019', 'Monthly', NULL, '2000', 'Monday', 'April', '2020', ' 09:06:29pm', '27-04-2020', 'active', '3', NULL, '2020-04-28 01:06:29', '2020-04-28 01:06:29'),
(124, 13, 'April', '2019', 'Monthly', NULL, '2000', 'Monday', 'April', '2020', ' 09:06:44pm', '27-04-2020', 'active', '3', NULL, '2020-04-28 01:06:44', '2020-04-28 01:06:44'),
(125, 13, 'May', '2019', 'Monthly', NULL, '2000', 'Monday', 'April', '2020', ' 09:06:59pm', '27-04-2020', 'active', '3', NULL, '2020-04-28 01:06:59', '2020-04-28 01:06:59'),
(126, 13, 'June', '2019', 'Monthly', NULL, '2000', 'Monday', 'April', '2020', ' 09:07:14pm', '27-04-2020', 'active', '3', NULL, '2020-04-28 01:07:14', '2020-04-28 01:07:14'),
(127, 13, 'July', '2019', 'Monthly', NULL, '2000', 'Monday', 'April', '2020', ' 09:07:55pm', '27-04-2020', 'active', '3', NULL, '2020-04-28 01:07:55', '2020-04-28 01:07:55'),
(128, 13, 'August', '2019', 'Monthly', NULL, '2000', 'Monday', 'April', '2020', ' 09:08:13pm', '27-04-2020', 'active', '3', NULL, '2020-04-28 01:08:13', '2020-04-28 01:08:13'),
(129, 13, 'September', '2019', 'Monthly', NULL, '2000', 'Monday', 'April', '2020', ' 09:10:00pm', '27-04-2020', 'active', '3', NULL, '2020-04-28 01:10:00', '2020-04-28 01:10:00'),
(130, 13, 'October', '2019', 'Monthly', NULL, '2000', 'Monday', 'April', '2020', ' 09:10:20pm', '27-04-2020', 'active', '3', NULL, '2020-04-28 01:10:20', '2020-04-28 01:10:20'),
(131, 13, 'November', '2019', 'Monthly', NULL, '2000', 'Monday', 'April', '2020', ' 09:10:38pm', '27-04-2020', 'active', '3', NULL, '2020-04-28 01:10:38', '2020-04-28 01:10:38'),
(132, 13, 'December', '2019', 'Monthly', NULL, '2000', 'Monday', 'April', '2020', ' 09:10:52pm', '27-04-2020', 'active', '3', NULL, '2020-04-28 01:10:52', '2020-04-28 01:10:52'),
(133, 13, 'December', '2019', 'Yearly', NULL, '6000', 'Monday', 'April', '2020', ' 09:11:10pm', '27-04-2020', 'active', '3', NULL, '2020-04-28 01:11:10', '2020-04-28 01:11:10'),
(134, 13, 'January', '2020', 'Monthly', NULL, '2000', 'Monday', 'April', '2020', ' 09:11:54pm', '27-04-2020', 'active', '3', NULL, '2020-04-28 01:11:54', '2020-04-28 01:11:54'),
(135, 13, 'February', '2020', 'Monthly', NULL, '2000', 'Monday', 'April', '2020', ' 09:13:11pm', '27-04-2020', 'active', '3', '3', '2020-04-28 01:12:08', '2020-04-28 01:13:11'),
(136, 13, 'March', '2020', 'Monthly', NULL, '2000', 'Monday', 'April', '2020', ' 09:13:02pm', '27-04-2020', 'active', '3', '3', '2020-04-28 01:12:19', '2020-04-28 01:13:02'),
(137, 16, 'January', '2019', 'Registration', NULL, '100', 'Tuesday', 'April', '2020', ' 06:04:20pm', '28-04-2020', 'active', '3', NULL, '2020-04-28 22:04:20', '2020-04-28 22:04:20'),
(138, 16, 'January', '2019', 'Monthly', NULL, '2000', 'Tuesday', 'April', '2020', ' 06:05:08pm', '28-04-2020', 'active', '3', NULL, '2020-04-28 22:05:08', '2020-04-28 22:05:08'),
(139, 16, 'February', '2019', 'Monthly', NULL, '2000', 'Tuesday', 'April', '2020', ' 06:05:21pm', '28-04-2020', 'active', '3', NULL, '2020-04-28 22:05:21', '2020-04-28 22:05:21'),
(140, 16, 'March', '2019', 'Monthly', NULL, '2000', 'Tuesday', 'April', '2020', ' 06:05:33pm', '28-04-2020', 'active', '3', NULL, '2020-04-28 22:05:33', '2020-04-28 22:05:33'),
(141, 16, 'April', '2019', 'Monthly', NULL, '2000', 'Tuesday', 'April', '2020', ' 06:05:49pm', '28-04-2020', 'active', '3', NULL, '2020-04-28 22:05:49', '2020-04-28 22:05:49'),
(142, 16, 'May', '2019', 'Monthly', NULL, '2000', 'Tuesday', 'April', '2020', ' 06:06:02pm', '28-04-2020', 'active', '3', NULL, '2020-04-28 22:06:02', '2020-04-28 22:06:02'),
(143, 16, 'June', '2019', 'Monthly', NULL, '2000', 'Tuesday', 'April', '2020', ' 06:06:21pm', '28-04-2020', 'active', '3', NULL, '2020-04-28 22:06:21', '2020-04-28 22:06:21'),
(144, 16, 'July', '2019', 'Monthly', NULL, '2000', 'Tuesday', 'April', '2020', ' 06:06:36pm', '28-04-2020', 'active', '3', NULL, '2020-04-28 22:06:36', '2020-04-28 22:06:36'),
(145, 16, 'August', '2019', 'Monthly', NULL, '2000', 'Tuesday', 'April', '2020', ' 06:06:51pm', '28-04-2020', 'active', '3', NULL, '2020-04-28 22:06:51', '2020-04-28 22:06:51'),
(146, 16, 'January', '2020', 'Monthly', NULL, '2000', 'Tuesday', 'April', '2020', ' 06:08:24pm', '28-04-2020', 'active', '3', NULL, '2020-04-28 22:08:24', '2020-04-28 22:08:24'),
(147, 14, 'January', '2019', 'Registration', NULL, '100', 'Tuesday', 'April', '2020', ' 06:09:25pm', '28-04-2020', 'active', '3', NULL, '2020-04-28 22:09:25', '2020-04-28 22:09:25'),
(148, 14, 'January', '2019', 'Monthly', NULL, '2000', 'Tuesday', 'April', '2020', ' 06:09:38pm', '28-04-2020', 'active', '3', NULL, '2020-04-28 22:09:38', '2020-04-28 22:09:38'),
(149, 14, 'February', '2019', 'Monthly', NULL, '2000', 'Tuesday', 'April', '2020', ' 06:09:55pm', '28-04-2020', 'active', '3', NULL, '2020-04-28 22:09:55', '2020-04-28 22:09:55'),
(150, 14, 'March', '2019', 'Monthly', NULL, '2000', 'Tuesday', 'April', '2020', ' 06:10:10pm', '28-04-2020', 'active', '3', NULL, '2020-04-28 22:10:10', '2020-04-28 22:10:10'),
(151, 14, 'April', '2019', 'Monthly', NULL, '2000', 'Tuesday', 'April', '2020', ' 06:10:23pm', '28-04-2020', 'active', '3', NULL, '2020-04-28 22:10:23', '2020-04-28 22:10:23'),
(152, 14, 'May', '2019', 'Monthly', NULL, '2000', 'Tuesday', 'April', '2020', ' 06:10:38pm', '28-04-2020', 'active', '3', NULL, '2020-04-28 22:10:38', '2020-04-28 22:10:38'),
(153, 14, 'June', '2019', 'Monthly', NULL, '2000', 'Tuesday', 'April', '2020', ' 06:10:52pm', '28-04-2020', 'active', '3', NULL, '2020-04-28 22:10:52', '2020-04-28 22:10:52'),
(154, 14, 'July', '2019', 'Monthly', NULL, '2000', 'Tuesday', 'April', '2020', ' 06:11:11pm', '28-04-2020', 'active', '3', NULL, '2020-04-28 22:11:11', '2020-04-28 22:11:11'),
(155, 14, 'August', '2019', 'Monthly', NULL, '2000', 'Tuesday', 'April', '2020', ' 06:11:25pm', '28-04-2020', 'active', '3', NULL, '2020-04-28 22:11:25', '2020-04-28 22:11:25'),
(156, 14, 'September', '2019', 'Monthly', NULL, '2000', 'Tuesday', 'April', '2020', ' 06:11:51pm', '28-04-2020', 'active', '3', NULL, '2020-04-28 22:11:51', '2020-04-28 22:11:51'),
(157, 14, 'October', '2019', 'Monthly', NULL, '2000', 'Tuesday', 'April', '2020', ' 06:12:18pm', '28-04-2020', 'active', '3', NULL, '2020-04-28 22:12:18', '2020-04-28 22:12:18'),
(158, 14, 'November', '2019', 'Monthly', NULL, '2000', 'Tuesday', 'April', '2020', ' 06:12:33pm', '28-04-2020', 'active', '3', NULL, '2020-04-28 22:12:33', '2020-04-28 22:12:33'),
(159, 14, 'December', '2019', 'Monthly', NULL, '2000', 'Tuesday', 'April', '2020', ' 06:12:48pm', '28-04-2020', 'active', '3', NULL, '2020-04-28 22:12:48', '2020-04-28 22:12:48'),
(160, 14, 'December', '2019', 'Yearly', NULL, '6000', 'Tuesday', 'April', '2020', ' 06:28:48pm', '28-04-2020', 'active', '3', '3', '2020-04-28 22:13:09', '2020-04-28 22:28:48'),
(161, 14, 'January', '2020', 'Monthly', NULL, '2000', 'Tuesday', 'April', '2020', ' 06:14:23pm', '28-04-2020', 'active', '3', NULL, '2020-04-28 22:14:23', '2020-04-28 22:14:23'),
(162, 14, 'February', '2020', 'Monthly', NULL, '2000', 'Tuesday', 'April', '2020', ' 06:14:41pm', '28-04-2020', 'active', '3', NULL, '2020-04-28 22:14:41', '2020-04-28 22:14:41'),
(163, 14, 'March', '2020', 'Monthly', NULL, '2000', 'Tuesday', 'April', '2020', ' 06:14:58pm', '28-04-2020', 'active', '3', NULL, '2020-04-28 22:14:58', '2020-04-28 22:14:58'),
(164, 15, 'January', '2019', 'Registration', NULL, '100', 'Tuesday', 'April', '2020', ' 06:17:26pm', '28-04-2020', 'active', '3', NULL, '2020-04-28 22:17:26', '2020-04-28 22:17:26'),
(165, 15, 'January', '2019', 'Monthly', NULL, '2000', 'Tuesday', 'April', '2020', ' 06:17:55pm', '28-04-2020', 'active', '3', NULL, '2020-04-28 22:17:55', '2020-04-28 22:17:55'),
(166, 15, 'February', '2019', 'Monthly', NULL, '2000', 'Tuesday', 'April', '2020', ' 06:18:17pm', '28-04-2020', 'active', '3', NULL, '2020-04-28 22:18:17', '2020-04-28 22:18:17'),
(167, 15, 'March', '2019', 'Monthly', NULL, '2000', 'Tuesday', 'April', '2020', ' 06:18:33pm', '28-04-2020', 'active', '3', NULL, '2020-04-28 22:18:33', '2020-04-28 22:18:33'),
(168, 15, 'April', '2019', 'Monthly', NULL, '2000', 'Tuesday', 'April', '2020', ' 06:18:50pm', '28-04-2020', 'active', '3', NULL, '2020-04-28 22:18:50', '2020-04-28 22:18:50'),
(169, 15, 'May', '2019', 'Monthly', NULL, '2000', 'Tuesday', 'April', '2020', ' 06:19:13pm', '28-04-2020', 'active', '3', NULL, '2020-04-28 22:19:13', '2020-04-28 22:19:13'),
(170, 15, 'June', '2019', 'Monthly', NULL, '2000', 'Tuesday', 'April', '2020', ' 06:19:33pm', '28-04-2020', 'active', '3', NULL, '2020-04-28 22:19:33', '2020-04-28 22:19:33'),
(171, 15, 'July', '2019', 'Monthly', NULL, '2000', 'Tuesday', 'April', '2020', ' 06:20:23pm', '28-04-2020', 'active', '3', NULL, '2020-04-28 22:20:23', '2020-04-28 22:20:23'),
(172, 15, 'August', '2019', 'Monthly', NULL, '2000', 'Tuesday', 'April', '2020', ' 06:20:39pm', '28-04-2020', 'active', '3', NULL, '2020-04-28 22:20:39', '2020-04-28 22:20:39'),
(173, 15, 'September', '2019', 'Monthly', NULL, '2000', 'Tuesday', 'April', '2020', ' 06:21:06pm', '28-04-2020', 'active', '3', NULL, '2020-04-28 22:21:06', '2020-04-28 22:21:06'),
(174, 15, 'October', '2019', 'Monthly', NULL, '2000', 'Tuesday', 'April', '2020', ' 06:21:44pm', '28-04-2020', 'active', '3', NULL, '2020-04-28 22:21:44', '2020-04-28 22:21:44'),
(175, 15, 'November', '2019', 'Monthly', NULL, '2000', 'Tuesday', 'April', '2020', ' 06:21:59pm', '28-04-2020', 'active', '3', NULL, '2020-04-28 22:21:59', '2020-04-28 22:21:59'),
(176, 15, 'December', '2019', 'Monthly', NULL, '2000', 'Tuesday', 'April', '2020', ' 06:22:16pm', '28-04-2020', 'active', '3', NULL, '2020-04-28 22:22:16', '2020-04-28 22:22:16'),
(177, 15, 'December', '2019', 'Yearly', NULL, '6000', 'Tuesday', 'April', '2020', ' 06:22:47pm', '28-04-2020', 'active', '3', NULL, '2020-04-28 22:22:47', '2020-04-28 22:22:47'),
(178, 15, 'January', '2020', 'Monthly', NULL, '2000', 'Tuesday', 'April', '2020', ' 06:23:04pm', '28-04-2020', 'active', '3', NULL, '2020-04-28 22:23:04', '2020-04-28 22:23:04'),
(179, 15, 'February', '2020', 'Monthly', NULL, '2000', 'Tuesday', 'April', '2020', ' 06:23:27pm', '28-04-2020', 'active', '3', NULL, '2020-04-28 22:23:27', '2020-04-28 22:23:27'),
(180, 15, 'March', '2020', 'Monthly', NULL, '2000', 'Tuesday', 'April', '2020', ' 06:23:56pm', '28-04-2020', 'active', '3', NULL, '2020-04-28 22:23:56', '2020-04-28 22:23:56'),
(182, 17, 'January', '2019', 'Registration', NULL, '100', 'Tuesday', 'April', '2020', ' 08:22:53pm', '28-04-2020', 'active', '3', NULL, '2020-04-29 00:22:53', '2020-04-29 00:22:53'),
(183, 17, 'January', '2019', 'Monthly', NULL, '2000', 'Tuesday', 'April', '2020', ' 08:23:12pm', '28-04-2020', 'active', '3', NULL, '2020-04-29 00:23:12', '2020-04-29 00:23:12'),
(184, 17, 'February', '2019', 'Monthly', NULL, '2000', 'Tuesday', 'April', '2020', ' 08:23:27pm', '28-04-2020', 'active', '3', NULL, '2020-04-29 00:23:27', '2020-04-29 00:23:27'),
(185, 17, 'March', '2019', 'Monthly', NULL, '2000', 'Tuesday', 'April', '2020', ' 08:23:46pm', '28-04-2020', 'active', '3', NULL, '2020-04-29 00:23:46', '2020-04-29 00:23:46'),
(186, 17, 'April', '2019', 'Monthly', NULL, '2000', 'Tuesday', 'April', '2020', ' 08:24:09pm', '28-04-2020', 'active', '3', NULL, '2020-04-29 00:24:09', '2020-04-29 00:24:09'),
(187, 17, 'May', '2019', 'Monthly', NULL, '2000', 'Tuesday', 'April', '2020', ' 08:24:27pm', '28-04-2020', 'active', '3', NULL, '2020-04-29 00:24:27', '2020-04-29 00:24:27'),
(188, 17, 'June', '2019', 'Monthly', NULL, '2000', 'Tuesday', 'April', '2020', ' 08:24:50pm', '28-04-2020', 'active', '3', NULL, '2020-04-29 00:24:50', '2020-04-29 00:24:50'),
(189, 17, 'July', '2019', 'Monthly', NULL, '2000', 'Tuesday', 'April', '2020', ' 08:25:19pm', '28-04-2020', 'active', '3', NULL, '2020-04-29 00:25:19', '2020-04-29 00:25:19'),
(190, 17, 'August', '2019', 'Monthly', NULL, '2000', 'Tuesday', 'April', '2020', ' 08:25:41pm', '28-04-2020', 'active', '3', NULL, '2020-04-29 00:25:41', '2020-04-29 00:25:41'),
(191, 17, 'September', '2019', 'Monthly', NULL, '2000', 'Tuesday', 'April', '2020', ' 08:26:00pm', '28-04-2020', 'active', '3', NULL, '2020-04-29 00:26:00', '2020-04-29 00:26:00'),
(192, 17, 'October', '2019', 'Monthly', NULL, '2000', 'Tuesday', 'April', '2020', ' 08:26:20pm', '28-04-2020', 'active', '3', NULL, '2020-04-29 00:26:20', '2020-04-29 00:26:20'),
(193, 17, 'November', '2019', 'Monthly', NULL, '2000', 'Tuesday', 'April', '2020', ' 08:26:36pm', '28-04-2020', 'active', '3', NULL, '2020-04-29 00:26:36', '2020-04-29 00:26:36'),
(194, 17, 'December', '2019', 'Monthly', NULL, '2000', 'Tuesday', 'April', '2020', ' 08:26:52pm', '28-04-2020', 'active', '3', NULL, '2020-04-29 00:26:52', '2020-04-29 00:26:52'),
(195, 17, 'December', '2019', 'Yearly', NULL, '6000', 'Tuesday', 'April', '2020', ' 08:27:29pm', '28-04-2020', 'active', '3', NULL, '2020-04-29 00:27:29', '2020-04-29 00:27:29'),
(196, 17, 'January', '2020', 'Monthly', NULL, '2000', 'Tuesday', 'April', '2020', ' 08:28:24pm', '28-04-2020', 'active', '3', NULL, '2020-04-29 00:28:24', '2020-04-29 00:28:24'),
(197, 17, 'February', '2020', 'Monthly', NULL, '2000', 'Tuesday', 'April', '2020', ' 08:28:47pm', '28-04-2020', 'active', '3', NULL, '2020-04-29 00:28:47', '2020-04-29 00:28:47'),
(198, 17, 'March', '2020', 'Monthly', NULL, '2000', 'Tuesday', 'April', '2020', ' 08:29:15pm', '28-04-2020', 'active', '3', NULL, '2020-04-29 00:29:15', '2020-04-29 00:29:15'),
(199, 18, 'January', '2019', 'Registration', NULL, '100', 'Tuesday', 'April', '2020', ' 08:47:27pm', '28-04-2020', 'active', '3', NULL, '2020-04-29 00:47:27', '2020-04-29 00:47:27'),
(200, 18, 'January', '2019', 'Monthly', NULL, '2000', 'Tuesday', 'April', '2020', ' 08:48:16pm', '28-04-2020', 'active', '3', NULL, '2020-04-29 00:48:16', '2020-04-29 00:48:16'),
(201, 18, 'February', '2019', 'Monthly', NULL, '2000', 'Tuesday', 'April', '2020', ' 08:48:30pm', '28-04-2020', 'active', '3', NULL, '2020-04-29 00:48:30', '2020-04-29 00:48:30'),
(202, 18, 'March', '2019', 'Monthly', NULL, '2000', 'Tuesday', 'April', '2020', ' 08:49:25pm', '28-04-2020', 'active', '3', NULL, '2020-04-29 00:49:25', '2020-04-29 00:49:25'),
(203, 18, 'April', '2019', 'Monthly', NULL, '2000', 'Tuesday', 'April', '2020', ' 08:49:44pm', '28-04-2020', 'active', '3', NULL, '2020-04-29 00:49:44', '2020-04-29 00:49:44'),
(204, 18, 'May', '2019', 'Monthly', NULL, '2000', 'Tuesday', 'April', '2020', ' 08:50:00pm', '28-04-2020', 'active', '3', NULL, '2020-04-29 00:50:00', '2020-04-29 00:50:00'),
(205, 18, 'June', '2019', 'Monthly', NULL, '2000', 'Tuesday', 'April', '2020', ' 08:50:16pm', '28-04-2020', 'active', '3', NULL, '2020-04-29 00:50:16', '2020-04-29 00:50:16'),
(206, 18, 'July', '2019', 'Monthly', NULL, '2000', 'Tuesday', 'April', '2020', ' 08:50:42pm', '28-04-2020', 'active', '3', NULL, '2020-04-29 00:50:42', '2020-04-29 00:50:42'),
(207, 18, 'August', '2019', 'Monthly', NULL, '2000', 'Tuesday', 'April', '2020', ' 08:51:00pm', '28-04-2020', 'active', '3', NULL, '2020-04-29 00:51:00', '2020-04-29 00:51:00'),
(208, 18, 'September', '2019', 'Monthly', NULL, '2000', 'Tuesday', 'April', '2020', ' 08:51:20pm', '28-04-2020', 'active', '3', NULL, '2020-04-29 00:51:20', '2020-04-29 00:51:20'),
(209, 18, 'October', '2019', 'Monthly', NULL, '2000', 'Tuesday', 'April', '2020', ' 08:51:39pm', '28-04-2020', 'active', '3', NULL, '2020-04-29 00:51:39', '2020-04-29 00:51:39'),
(210, 18, 'November', '2019', 'Monthly', NULL, '2000', 'Tuesday', 'April', '2020', ' 08:51:57pm', '28-04-2020', 'active', '3', NULL, '2020-04-29 00:51:57', '2020-04-29 00:51:57'),
(211, 18, 'December', '2019', 'Monthly', NULL, '2000', 'Tuesday', 'April', '2020', ' 08:52:19pm', '28-04-2020', 'active', '3', NULL, '2020-04-29 00:52:19', '2020-04-29 00:52:19'),
(212, 18, 'December', '2019', 'Yearly', NULL, '6000', 'Tuesday', 'April', '2020', ' 08:52:44pm', '28-04-2020', 'active', '3', NULL, '2020-04-29 00:52:44', '2020-04-29 00:52:44'),
(213, 18, 'January', '2020', 'Monthly', NULL, '2000', 'Tuesday', 'April', '2020', ' 08:55:10pm', '28-04-2020', 'active', '3', NULL, '2020-04-29 00:55:10', '2020-04-29 00:55:10'),
(214, 19, 'January', '2019', 'Registration', NULL, '100', 'Tuesday', 'April', '2020', ' 09:06:20pm', '28-04-2020', 'active', '3', NULL, '2020-04-29 01:06:20', '2020-04-29 01:06:20'),
(215, 19, 'January', '2019', 'Monthly', NULL, '2000', 'Tuesday', 'April', '2020', ' 09:06:34pm', '28-04-2020', 'active', '3', NULL, '2020-04-29 01:06:34', '2020-04-29 01:06:34'),
(217, 19, 'February', '2019', 'Monthly', NULL, '2000', 'Tuesday', 'April', '2020', ' 09:07:23pm', '28-04-2020', 'active', '3', NULL, '2020-04-29 01:07:23', '2020-04-29 01:07:23'),
(218, 19, 'March', '2019', 'Monthly', NULL, '2000', 'Tuesday', 'April', '2020', ' 09:07:55pm', '28-04-2020', 'active', '3', NULL, '2020-04-29 01:07:55', '2020-04-29 01:07:55'),
(219, 19, 'April', '2019', 'Monthly', NULL, '2000', 'Tuesday', 'April', '2020', ' 09:08:07pm', '28-04-2020', 'active', '3', NULL, '2020-04-29 01:08:07', '2020-04-29 01:08:07'),
(220, 19, 'May', '2019', 'Monthly', NULL, '2000', 'Tuesday', 'April', '2020', ' 09:08:28pm', '28-04-2020', 'active', '3', NULL, '2020-04-29 01:08:28', '2020-04-29 01:08:28'),
(221, 20, 'January', '2019', 'Registration', NULL, '100', 'Tuesday', 'April', '2020', ' 09:31:17pm', '28-04-2020', 'active', '3', NULL, '2020-04-29 01:31:17', '2020-04-29 01:31:17'),
(222, 20, 'January', '2019', 'Monthly', NULL, '2000', 'Tuesday', 'April', '2020', ' 09:31:30pm', '28-04-2020', 'active', '3', NULL, '2020-04-29 01:31:30', '2020-04-29 01:31:30'),
(223, 20, 'February', '2019', 'Monthly', NULL, '2000', 'Tuesday', 'April', '2020', ' 09:31:48pm', '28-04-2020', 'active', '3', NULL, '2020-04-29 01:31:48', '2020-04-29 01:31:48'),
(224, 20, 'March', '2019', 'Monthly', NULL, '2000', 'Tuesday', 'April', '2020', ' 09:32:08pm', '28-04-2020', 'active', '3', NULL, '2020-04-29 01:32:08', '2020-04-29 01:32:08'),
(225, 20, 'April', '2019', 'Monthly', NULL, '2000', 'Tuesday', 'April', '2020', ' 09:32:26pm', '28-04-2020', 'active', '3', NULL, '2020-04-29 01:32:26', '2020-04-29 01:32:26'),
(226, 20, 'May', '2019', 'Monthly', NULL, '2000', 'Tuesday', 'April', '2020', ' 09:32:55pm', '28-04-2020', 'active', '3', NULL, '2020-04-29 01:32:55', '2020-04-29 01:32:55'),
(227, 20, 'June', '2019', 'Monthly', NULL, '2000', 'Tuesday', 'April', '2020', ' 09:33:19pm', '28-04-2020', 'active', '3', NULL, '2020-04-29 01:33:19', '2020-04-29 01:33:19'),
(228, 20, 'July', '2019', 'Monthly', NULL, '2000', 'Tuesday', 'April', '2020', ' 09:33:52pm', '28-04-2020', 'active', '3', NULL, '2020-04-29 01:33:52', '2020-04-29 01:33:52'),
(229, 20, 'August', '2019', 'Monthly', NULL, '2000', 'Tuesday', 'April', '2020', ' 09:34:07pm', '28-04-2020', 'active', '3', NULL, '2020-04-29 01:34:07', '2020-04-29 01:34:07'),
(230, 20, 'September', '2019', 'Monthly', NULL, '2000', 'Tuesday', 'April', '2020', ' 09:34:23pm', '28-04-2020', 'active', '3', NULL, '2020-04-29 01:34:23', '2020-04-29 01:34:23'),
(231, 20, 'October', '2019', 'Monthly', NULL, '2000', 'Tuesday', 'April', '2020', ' 09:34:40pm', '28-04-2020', 'active', '3', NULL, '2020-04-29 01:34:40', '2020-04-29 01:34:40'),
(232, 20, 'November', '2019', 'Monthly', NULL, '2000', 'Tuesday', 'April', '2020', ' 09:35:05pm', '28-04-2020', 'active', '3', NULL, '2020-04-29 01:35:05', '2020-04-29 01:35:05'),
(233, 20, 'December', '2019', 'Monthly', NULL, '2000', 'Tuesday', 'April', '2020', ' 09:35:23pm', '28-04-2020', 'active', '3', NULL, '2020-04-29 01:35:23', '2020-04-29 01:35:23'),
(234, 20, 'December', '2019', 'Yearly', NULL, '6000', 'Tuesday', 'April', '2020', ' 09:35:53pm', '28-04-2020', 'active', '3', NULL, '2020-04-29 01:35:53', '2020-04-29 01:35:53'),
(235, 20, 'January', '2020', 'Monthly', NULL, '2000', 'Tuesday', 'April', '2020', ' 09:36:12pm', '28-04-2020', 'active', '3', NULL, '2020-04-29 01:36:12', '2020-04-29 01:36:12'),
(236, 21, 'January', '2019', 'Registration', NULL, '100', 'Tuesday', 'April', '2020', ' 09:49:26pm', '28-04-2020', 'active', '3', NULL, '2020-04-29 01:49:26', '2020-04-29 01:49:26'),
(237, 21, 'January', '2019', 'Monthly', NULL, '2000', 'Tuesday', 'April', '2020', ' 09:51:50pm', '28-04-2020', 'active', '3', NULL, '2020-04-29 01:51:50', '2020-04-29 01:51:50'),
(238, 21, 'February', '2019', 'Monthly', NULL, '2000', 'Tuesday', 'April', '2020', ' 09:52:06pm', '28-04-2020', 'active', '3', NULL, '2020-04-29 01:52:06', '2020-04-29 01:52:06'),
(239, 21, 'March', '2019', 'Monthly', NULL, '2000', 'Tuesday', 'April', '2020', ' 09:52:29pm', '28-04-2020', 'active', '3', NULL, '2020-04-29 01:52:29', '2020-04-29 01:52:29'),
(240, 21, 'April', '2019', 'Monthly', NULL, '2000', 'Tuesday', 'April', '2020', ' 09:53:04pm', '28-04-2020', 'active', '3', NULL, '2020-04-29 01:53:04', '2020-04-29 01:53:04'),
(241, 21, 'May', '2019', 'Monthly', NULL, '2000', 'Tuesday', 'April', '2020', ' 09:53:21pm', '28-04-2020', 'active', '3', NULL, '2020-04-29 01:53:21', '2020-04-29 01:53:21'),
(242, 21, 'June', '2019', 'Monthly', NULL, '2000', 'Tuesday', 'April', '2020', ' 09:53:37pm', '28-04-2020', 'active', '3', NULL, '2020-04-29 01:53:37', '2020-04-29 01:53:37'),
(243, 21, 'July', '2019', 'Monthly', NULL, '2000', 'Tuesday', 'April', '2020', ' 09:53:52pm', '28-04-2020', 'active', '3', NULL, '2020-04-29 01:53:52', '2020-04-29 01:53:52'),
(244, 21, 'August', '2019', 'Monthly', NULL, '2000', 'Tuesday', 'April', '2020', ' 09:54:05pm', '28-04-2020', 'active', '3', NULL, '2020-04-29 01:54:05', '2020-04-29 01:54:05'),
(245, 21, 'September', '2019', 'Monthly', NULL, '2000', 'Tuesday', 'April', '2020', ' 09:55:18pm', '28-04-2020', 'active', '3', NULL, '2020-04-29 01:55:18', '2020-04-29 01:55:18'),
(246, 21, 'October', '2019', 'Monthly', NULL, '2000', 'Tuesday', 'April', '2020', ' 09:56:06pm', '28-04-2020', 'active', '3', NULL, '2020-04-29 01:56:06', '2020-04-29 01:56:06'),
(247, 21, 'November', '2019', 'Monthly', NULL, '2000', 'Tuesday', 'April', '2020', ' 09:56:20pm', '28-04-2020', 'active', '3', NULL, '2020-04-29 01:56:20', '2020-04-29 01:56:20'),
(248, 21, 'December', '2019', 'Monthly', NULL, '2000', 'Tuesday', 'April', '2020', ' 09:56:39pm', '28-04-2020', 'active', '3', NULL, '2020-04-29 01:56:39', '2020-04-29 01:56:39'),
(249, 21, 'December', '2019', 'Yearly', NULL, '6000', 'Tuesday', 'April', '2020', ' 09:56:58pm', '28-04-2020', 'active', '3', NULL, '2020-04-29 01:56:58', '2020-04-29 01:56:58'),
(250, 21, 'January', '2020', 'Monthly', NULL, '2000', 'Tuesday', 'April', '2020', ' 09:57:15pm', '28-04-2020', 'active', '3', NULL, '2020-04-29 01:57:15', '2020-04-29 01:57:15'),
(251, 21, 'February', '2020', 'Monthly', NULL, '2000', 'Tuesday', 'April', '2020', ' 09:57:34pm', '28-04-2020', 'active', '3', NULL, '2020-04-29 01:57:34', '2020-04-29 01:57:34'),
(252, 22, 'January', '2019', 'Registration', NULL, '100', 'Tuesday', 'April', '2020', ' 10:45:21pm', '28-04-2020', 'active', '3', NULL, '2020-04-29 02:45:21', '2020-04-29 02:45:21'),
(253, 22, 'January', '2019', 'Monthly', NULL, '2000', 'Tuesday', 'April', '2020', ' 10:45:34pm', '28-04-2020', 'active', '3', NULL, '2020-04-29 02:45:34', '2020-04-29 02:45:34'),
(254, 22, 'February', '2019', 'Monthly', NULL, '2000', 'Tuesday', 'April', '2020', ' 10:45:50pm', '28-04-2020', 'active', '3', NULL, '2020-04-29 02:45:50', '2020-04-29 02:45:50'),
(255, 22, 'March', '2019', 'Monthly', NULL, '2000', 'Tuesday', 'April', '2020', ' 10:46:04pm', '28-04-2020', 'active', '3', NULL, '2020-04-29 02:46:04', '2020-04-29 02:46:04'),
(256, 22, 'April', '2019', 'Monthly', NULL, '2000', 'Tuesday', 'April', '2020', ' 10:46:16pm', '28-04-2020', 'active', '3', NULL, '2020-04-29 02:46:16', '2020-04-29 02:46:16'),
(257, 22, 'May', '2019', 'Monthly', NULL, '2000', 'Tuesday', 'April', '2020', ' 10:46:29pm', '28-04-2020', 'active', '3', NULL, '2020-04-29 02:46:29', '2020-04-29 02:46:29'),
(258, 22, 'June', '2019', 'Monthly', NULL, '2000', 'Tuesday', 'April', '2020', ' 10:46:42pm', '28-04-2020', 'active', '3', NULL, '2020-04-29 02:46:42', '2020-04-29 02:46:42'),
(259, 22, 'July', '2019', 'Monthly', NULL, '2000', 'Tuesday', 'April', '2020', ' 10:46:54pm', '28-04-2020', 'active', '3', NULL, '2020-04-29 02:46:54', '2020-04-29 02:46:54'),
(260, 22, 'August', '2019', 'Monthly', NULL, '2000', 'Tuesday', 'April', '2020', ' 10:47:10pm', '28-04-2020', 'active', '3', NULL, '2020-04-29 02:47:10', '2020-04-29 02:47:10'),
(261, 22, 'September', '2019', 'Monthly', NULL, '2000', 'Tuesday', 'April', '2020', ' 10:47:31pm', '28-04-2020', 'active', '3', NULL, '2020-04-29 02:47:31', '2020-04-29 02:47:31'),
(262, 22, 'October', '2019', 'Monthly', NULL, '2000', 'Tuesday', 'April', '2020', ' 10:47:44pm', '28-04-2020', 'active', '3', NULL, '2020-04-29 02:47:44', '2020-04-29 02:47:44'),
(263, 22, 'November', '2019', 'Monthly', NULL, '2000', 'Tuesday', 'April', '2020', ' 10:47:59pm', '28-04-2020', 'active', '3', NULL, '2020-04-29 02:47:59', '2020-04-29 02:47:59'),
(264, 22, 'December', '2019', 'Monthly', NULL, '2000', 'Tuesday', 'April', '2020', ' 10:48:12pm', '28-04-2020', 'active', '3', NULL, '2020-04-29 02:48:12', '2020-04-29 02:48:12'),
(265, 22, 'December', '2019', 'Yearly', NULL, '6000', 'Tuesday', 'April', '2020', ' 10:48:33pm', '28-04-2020', 'active', '3', NULL, '2020-04-29 02:48:33', '2020-04-29 02:48:33'),
(266, 22, 'January', '2020', 'Monthly', NULL, '2000', 'Tuesday', 'April', '2020', ' 10:48:46pm', '28-04-2020', 'active', '3', NULL, '2020-04-29 02:48:46', '2020-04-29 02:48:46'),
(267, 22, 'February', '2020', 'Monthly', NULL, '2000', 'Tuesday', 'April', '2020', ' 10:49:39pm', '28-04-2020', 'active', '3', NULL, '2020-04-29 02:49:39', '2020-04-29 02:49:39'),
(268, 22, 'March', '2020', 'Monthly', NULL, '2000', 'Tuesday', 'April', '2020', ' 10:49:59pm', '28-04-2020', 'active', '3', NULL, '2020-04-29 02:49:59', '2020-04-29 02:49:59');

-- --------------------------------------------------------

--
-- Table structure for table `file`
--

CREATE TABLE `file` (
  `id` bigint(20) UNSIGNED NOT NULL,
  `title` varchar(255) COLLATE utf8mb4_unicode_ci DEFAULT NULL,
  `discription` text COLLATE utf8mb4_unicode_ci,
  `file_link` varchar(128) COLLATE utf8mb4_unicode_ci DEFAULT NULL,
  `status` enum('active','inactive') COLLATE utf8mb4_unicode_ci DEFAULT NULL,
  `file_day` varchar(50) COLLATE utf8mb4_unicode_ci DEFAULT NULL,
  `file_month` varchar(50) COLLATE utf8mb4_unicode_ci DEFAULT NULL,
  `file_year` varchar(50) COLLATE utf8mb4_unicode_ci DEFAULT NULL,
  `file_time` varchar(50) COLLATE utf8mb4_unicode_ci DEFAULT NULL,
  `file_date` varchar(50) COLLATE utf8mb4_unicode_ci DEFAULT NULL,
  `created_by` varchar(50) COLLATE utf8mb4_unicode_ci DEFAULT NULL,
  `updated_by` varchar(50) COLLATE utf8mb4_unicode_ci DEFAULT NULL,
  `created_at` timestamp NULL DEFAULT NULL,
  `updated_at` timestamp NULL DEFAULT NULL
) ENGINE=InnoDB DEFAULT CHARSET=utf8mb4 COLLATE=utf8mb4_unicode_ci;

--
-- Dumping data for table `file`
--

INSERT INTO `file` (`id`, `title`, `discription`, `file_link`, `status`, `file_day`, `file_month`, `file_year`, `file_time`, `file_date`, `created_by`, `updated_by`, `created_at`, `updated_at`) VALUES
(8, 'Test File System', 'File system complete. All member add file , show & download all file . Only admin can modify all file . Specific member can edit , inactive & delete this own file.', 'TestFileSystem-1588348748.pdf', 'active', 'Friday', 'May', '2020', ' 09:35:27pm', '01-05-2020', '2', '2', '2020-05-02 01:35:27', '2020-05-02 01:59:08');

-- --------------------------------------------------------

--
-- Table structure for table `gallery`
--

CREATE TABLE `gallery` (
  `id` bigint(20) UNSIGNED NOT NULL,
  `title` varchar(255) COLLATE utf8mb4_unicode_ci DEFAULT NULL,
  `discription` text COLLATE utf8mb4_unicode_ci,
  `image_link` varchar(128) COLLATE utf8mb4_unicode_ci DEFAULT NULL,
  `status` enum('active','inactive') COLLATE utf8mb4_unicode_ci DEFAULT NULL,
  `image_day` varchar(50) COLLATE utf8mb4_unicode_ci DEFAULT NULL,
  `image_month` varchar(50) COLLATE utf8mb4_unicode_ci DEFAULT NULL,
  `image_year` varchar(50) COLLATE utf8mb4_unicode_ci DEFAULT NULL,
  `image_time` varchar(50) COLLATE utf8mb4_unicode_ci DEFAULT NULL,
  `image_date` varchar(50) COLLATE utf8mb4_unicode_ci DEFAULT NULL,
  `created_by` varchar(50) COLLATE utf8mb4_unicode_ci DEFAULT NULL,
  `updated_by` varchar(50) COLLATE utf8mb4_unicode_ci DEFAULT NULL,
  `created_at` timestamp NULL DEFAULT NULL,
  `updated_at` timestamp NULL DEFAULT NULL
) ENGINE=InnoDB DEFAULT CHARSET=utf8mb4 COLLATE=utf8mb4_unicode_ci;


-- --------------------------------------------------------

--
-- Table structure for table `member`
--

CREATE TABLE `member` (
  `id` bigint(20) UNSIGNED NOT NULL,
  `name` varchar(255) COLLATE utf8mb4_unicode_ci DEFAULT NULL,
  `mobile` varchar(255) COLLATE utf8mb4_unicode_ci DEFAULT NULL,
  `member_id` varchar(255) COLLATE utf8mb4_unicode_ci DEFAULT NULL,
  `national_id` varchar(255) COLLATE utf8mb4_unicode_ci DEFAULT NULL,
  `f_h_name` varchar(255) COLLATE utf8mb4_unicode_ci DEFAULT NULL,
  `nominee` varchar(255) COLLATE utf8mb4_unicode_ci DEFAULT NULL,
  `nominee_mobile` varchar(255) COLLATE utf8mb4_unicode_ci DEFAULT NULL,
  `nominee_n_id` varchar(255) COLLATE utf8mb4_unicode_ci DEFAULT NULL,
  `present_address` text COLLATE utf8mb4_unicode_ci,
  `parmanent_address` text COLLATE utf8mb4_unicode_ci,
  `image_link` varchar(128) COLLATE utf8mb4_unicode_ci DEFAULT NULL,
  `type` enum('Admin','Chairman','General secretary','Member') COLLATE utf8mb4_unicode_ci DEFAULT NULL,
  `religion` enum('Islam','Hinduism','Christianity','Buddhism') COLLATE utf8mb4_unicode_ci DEFAULT NULL,
  `gender` enum('Male','Female','Others') COLLATE utf8mb4_unicode_ci DEFAULT NULL,
  `status` enum('active','inactive') COLLATE utf8mb4_unicode_ci DEFAULT NULL,
  `join_day` varchar(50) COLLATE utf8mb4_unicode_ci DEFAULT NULL,
  `join_month` varchar(50) COLLATE utf8mb4_unicode_ci DEFAULT NULL,
  `join_year` varchar(50) COLLATE utf8mb4_unicode_ci DEFAULT NULL,
  `join_time` varchar(50) COLLATE utf8mb4_unicode_ci DEFAULT NULL,
  `join_date` varchar(50) COLLATE utf8mb4_unicode_ci DEFAULT NULL,
  `created_by` varchar(50) COLLATE utf8mb4_unicode_ci DEFAULT NULL,
  `updated_by` varchar(50) COLLATE utf8mb4_unicode_ci DEFAULT NULL,
  `created_at` timestamp NULL DEFAULT NULL,
  `updated_at` timestamp NULL DEFAULT NULL
) ENGINE=InnoDB DEFAULT CHARSET=utf8mb4 COLLATE=utf8mb4_unicode_ci;

--
-- Dumping data for table `member`
--

INSERT INTO `member` (`id`, `name`, `mobile`, `member_id`, `national_id`, `f_h_name`, `nominee`, `nominee_mobile`, `nominee_n_id`, `present_address`, `parmanent_address`, `image_link`, `type`, `religion`, `gender`, `status`, `join_day`, `join_month`, `join_year`, `join_time`, `join_date`, `created_by`, `updated_by`, `created_at`, `updated_at`) VALUES
(1, 'Rahedul Raju', '01729762344', '1111', '1234567890', 'Md. Arifur Rahman Mondol', 'Md. Arifur Rahman Mondol', '01731581154', '123847656554', 'Dhunut Bogra', 'Uttara Dhaka', 'RahedulRaju-1587898971.JPG', 'Admin', 'Islam', 'Male', 'active', 'Monday', 'April', '2020', ' 10:35:02pm', '13-04-2020', '1', '3', '2020-04-13 16:35:02', '2020-04-27 21:42:45'),
(2, 'SYED ARIF UZZAMAN', '01670721687', '005', '2843231248', 'SYED ABDUL KUDDUS', 'SYED SALIM MIA', '01711116455', '5414031718966', 'UTTARA, DHAKA-1230', 'VILL: DASHAR, POST: DASHAR, THANA: KALKINI, DIST: MADARIPUR', 'SYEDARIFUZZAMAN-1587973105.jpg', 'Admin', 'Islam', 'Male', 'active', 'Monday', 'April', '2020', ' 10:38:09pm', '13-04-2020', '2', '3', '2020-04-13 16:38:09', '2020-04-27 21:42:24'),
(7, 'AFRIN JAHAN', '01552334824', '001', '9312815172916', 'SM MAHTAB HASAN', 'SM MAHTAB HASAN', '01558713073', '9322808544034', 'K-131/E, UTTARA NAMA PARA, KHILKHET, DHAKA', '5/125, SABUJBAG, GHATAIL, TANGAIL', 'AFRINJAHAN-1587972486.jpg', 'Member', 'Islam', 'Female', 'active', 'Monday', 'April', '2020', ' 01:28:06pm', '27-04-2020', '3', '3', '2020-04-27 17:28:06', '2020-04-27 21:42:03'),
(8, 'MD. ASHIKUR RAHMAN', '01818108436', '008', '2693016112393', 'LATE. ABDUL MANNAN SHARIF', 'SIMA AKTAR', '01919108436', '2806029498', 'HOUSE#22, ROAD#05,SECTOR # 04, UTTARA, DHAKA', 'VILL: HAMIRDI, POST: HAMIRDI, P.S: BHANGA, DIST: FARIDPUR', 'MD.ASHIKURRAHMAN-1587977284.jpg', 'Member', 'Islam', 'Male', 'active', 'Monday', 'April', '2020', ' 02:48:04pm', '27-04-2020', '2', '3', '2020-04-27 18:48:05', '2020-04-27 21:41:10'),
(9, 'SIMA AKTER', '01919108496', '018', '2806029498', 'MD. ASHIKUR RAHMAN', 'MD. ASHIKUR RAHMAN', '01818108436', '2693016112393', 'HOUSE#22, ROAD#05, SECTOR# 04, UTTARA, DHAKA', 'VILL: HAMIRDI, POST: HAMIRDI, P.S: BHANGA, DIST: FARIDPUR', 'SIMAAKTER-1587977705.jpg', 'Member', 'Islam', 'Female', 'active', 'Monday', 'April', '2020', ' 02:55:05pm', '27-04-2020', '2', '3', '2020-04-27 18:55:05', '2020-04-27 21:41:45'),
(10, 'MD. ARIFUL ISLAM KHAN', '01913992542', '010', '0619484305296', 'MD. ABDUL KARIM KHAN', 'NAZMUN NAHAR AKHY', '01616168584', '5414031718966', 'SYED COMPLEX, AGARTOLA ROAD, AKHAURA, BRAHMANBARIA', 'C/O. MD. ABDUL KARIM KHAN, KALIBAZAR ROAD, WAZIRPUR, BARISHAL.', 'MD.ARIFULISLAMKHAN-1587993965.jpg', 'Member', 'Islam', 'Male', 'active', 'Monday', 'April', '2020', ' 06:23:06pm', '27-04-2020', '3', '3', '2020-04-27 22:23:06', '2020-04-27 23:26:05'),
(11, 'MUSHIARA RAHMAN KOLY', '01716478406', '011', '5967244145', 'LATE MD. MOSHARROF HOSSEN', 'MD. ABEER HUSSAIN', '01797480188', 'BR0676129', 'HOUSE#27,LANE#1, SORDARPARA, EAST MOLLARTEK, DAKSHINKHAN, ASHKONA, \r\nDHAKA - 123O', 'VILLAGE: KEUNDIA, P.O.: KEUNDIA, P.S.: KAWKHALI, PIROJPUR', 'MUSHIARARAHMANKOLY-1587996880.jpeg', 'Member', 'Islam', 'Female', 'active', 'Monday', 'April', '2020', ' 08:03:35pm', '27-04-2020', '3', '3', '2020-04-28 00:03:35', '2020-04-28 00:14:40'),
(12, 'RIFAT SULTANA HOQ', '01965340818', '002', '9146462164', 'MD. ARIFUR RAHMAN', 'MD. ARIFUR RAHMAN', '01817527892', '4817966927899', 'SWAPNIL, FLAT NO: A/6, HOUSE# 15, MOLLAH BARI, KAWLA, DHAKA - 1229', 'SWAPNIL, FLAT NO: A/6, HOUSE# 15, MOLLAH BARI, KAWLA, DHAKA - 1229', 'RIFATSULTANAHOQ-1588000667.jpeg', 'Member', 'Islam', 'Female', 'active', 'Monday', 'April', '2020', ' 08:49:09pm', '27-04-2020', '3', '3', '2020-04-28 00:49:09', '2020-04-28 01:17:47'),
(13, 'MD.RAFIUL HASAN', '01925008360', '014', '6113190641828', 'MD.HASHIM UDDIN', 'SALMA SIDDIQA', '01917323146', '7754193865', 'KULAURA, MOULVIBAZAR', 'VILL: TARUNDIA, P.O.: TARUNDIA, P.S.: ISHWARGANJ, DIST: MYMENSINGH - 2280', 'MD.RAFIULHASAN-1587999918.jpg', 'Member', 'Islam', 'Male', 'active', 'Monday', 'April', '2020', ' 09:05:18pm', '27-04-2020', '3', NULL, '2020-04-28 01:05:18', '2020-04-28 01:05:18'),
(14, 'MD.MONIRUZZAMAN', '01622086289', '007', '2843231248', 'MD. ABDUL JABBAR SHEIKH', 'TASLIMA MONIR', '01673422042', 'BR0676129', 'VILL: RANINAGAR, P.O: BAGULPUR, P.S.: SUJANAGAR, PABNA', 'HOUSE # 122, MOLLARTEAK, JALAL UDDIN SORONI, DAKSHIN KHAN, DHAKA', 'MD.MONIRUZZAMAN-1588074430.jpeg', 'Member', 'Islam', 'Male', 'active', 'Tuesday', 'April', '2020', ' 05:47:10pm', '28-04-2020', '3', NULL, '2020-04-28 21:47:10', '2020-04-28 21:47:10'),
(15, 'TASLIMA MONIR', '01673422042', '013', '9312815172916', 'MD. MONIRUZZAMAN', 'MD. MONIRUZZAMAN', '01622086289', '7754193865', 'VILL: RANINAGAR, P.O.: BAGULPUR, P.S.: SUJANAGAR, PABNA', 'HOUSE# 122, MOLLARTEAK, DAKSHIN KHAN, DHAKA', 'TASLIMAMONIR-1588074854.jpeg', 'Member', 'Islam', 'Female', 'active', 'Tuesday', 'April', '2020', ' 05:54:14pm', '28-04-2020', '3', NULL, '2020-04-28 21:54:15', '2020-04-28 21:54:15'),
(16, 'MD. ANISUZZAMAN TIPU', '01715663855', '017', '2374688907', 'MD. ASADULLAH', 'DR. KHADIJA TUL KUBRA', '01615663555', '1482382619', '237 KUDDUS KHALIFA ROAD, MORKUN MIDDLE PARA, NEAR BY MURIR FACTORY, TONGI, \r\nGAZIPUR', '237 KUDDUS KHALIFA ROAD, MORKUN MIDDLE PARA, NEAR BY MURIR FACTORY, TONGI, \r\nGAZIPUR', 'MD.ANISUZZAMANTIPU-1588075421.jpeg', 'Member', 'Islam', 'Male', 'active', 'Tuesday', 'April', '2020', ' 06:03:41pm', '28-04-2020', '3', NULL, '2020-04-28 22:03:41', '2020-04-28 22:03:41'),
(17, 'RUBIA AKTHER', '01687300367', '016', '3719748273', 'MD. TOHEDUZZAMAN', 'MD. TOHEDUZZAMAN', '01537482637', '8663154410', 'MOLLAH MD. ABDUL LATIF\r\nHOUSE/FLAT#35523, PLOT#281/1, KHILKHET', 'MOLLAH MD. ABDUL LATIF\r\nHOUSE/FLAT#35523, PLOT#281/1, KHILKHET', 'RUBIAAKTHER-1588083734.jpg', 'Member', 'Islam', 'Female', 'active', 'Tuesday', 'April', '2020', ' 08:22:14pm', '28-04-2020', '3', NULL, '2020-04-29 00:22:14', '2020-04-29 00:22:14'),
(18, 'MUHAMMAD ARIFUL ALAM APU', '01683257343', '012', '2843231248', 'MD.ABU BAKKAR SIDDIQUE', 'MD.ABU BAKKAR SIDDIQUE', '01716576421', '7754193865', 'DAKSHIN KHAN , PURBO PARA , ANOL, DHAKA', 'DAKSHIN KHAN , PURBO PARA , ANOL, DHAKA', 'MUHAMMADARIFULALAMAPU-1588087834.jpg', 'Member', 'Islam', 'Male', 'active', 'Tuesday', 'April', '2020', ' 08:45:54pm', '28-04-2020', '3', '3', '2020-04-29 00:45:54', '2020-04-29 01:30:34'),
(19, 'ARIFUL ISLAM SAZU', '01716940614', '009', '19909317687000157', 'MD. DELOWER HOSSAIN', 'KANIZ FOUJIA MITU', '01760443799', '4174665267', 'HOUSE# 22, ROAD# 05, SECTOR# 04, UTTARA, DHAKA', 'ADI TANGAIL, DELDOWER ROAD, TANGAIL', 'ARIFULISLAMSAZU-1588086266.jpeg', 'Member', 'Islam', 'Male', 'active', 'Tuesday', 'April', '2020', ' 09:04:26pm', '28-04-2020', '3', '20', '2020-04-29 01:04:26', '2020-04-30 01:01:11'),
(20, 'MOHAMMAD MEHEDI HASAN', '01781133185', '006', '3313486611152', 'MOHAMMAD SIDDIQUR RAHMAN', 'BODIUZZAMAN', '01902544544', '7754193865', 'VILL: DATIARA, P.O.: BRAHMANBARIA SADAR, DIST: BRAHMANBARIA', 'VILL: BALIGAON, P.O: KALIGANJ, P.S.: KALIGANJ, DIST: GAZIPUR', 'MOHAMMADMEHEDIHASAN-1588087812.jpg', 'Member', 'Islam', 'Male', 'active', 'Tuesday', 'April', '2020', ' 09:30:12pm', '28-04-2020', '3', NULL, '2020-04-29 01:30:12', '2020-04-29 01:30:12'),
(21, 'MD. HEMAYET UDDIN', '01758471714', '003', '7321888856', 'MD. MOSTAFA KAMAL', 'AFSANS AKHTER ETI', '01612393989', '1482382619', 'C/O: MD MORSHED UDDIN, FAIDABAD TRANSMETER, DAKSHINKHAN, DHAKA-1230', 'VILL: KAWERTEK, P.O.: KAWERTEK, MANPURA, BHOLA-8360', 'MD.HEMAYETUDDIN-1588092766.jpg', 'General secretary', 'Islam', 'Male', 'active', 'Tuesday', 'April', '2020', ' 09:48:02pm', '28-04-2020', '3', '3', '2020-04-29 01:48:02', '2020-04-29 02:52:46'),
(22, 'JAHANGIR ALAM FAKIR', '01677365790', '004', '9311967807939', 'MOHIR UDDIN', 'SIMA AKTER', '01675581625', '6424375282', 'S.S. PLAZA, MOLLERTAK, DAKSHINKHAN, DHAKA', 'VILL: KEYARA, P.O.: MATIKATA, P.S.:BHUAPUR, DIST: TANGGAIL', 'JAHANGIRALAMFAKIR-1588092296.jpg', 'Chairman', 'Islam', 'Male', 'active', 'Tuesday', 'April', '2020', ' 10:44:56pm', '28-04-2020', '3', NULL, '2020-04-29 02:44:56', '2020-04-29 02:44:56');

-- --------------------------------------------------------

--
-- Table structure for table `migrations`
--

CREATE TABLE `migrations` (
  `id` int(10) UNSIGNED NOT NULL,
  `migration` varchar(191) COLLATE utf8mb4_unicode_ci NOT NULL,
  `batch` int(11) NOT NULL
) ENGINE=InnoDB DEFAULT CHARSET=utf8mb4 COLLATE=utf8mb4_unicode_ci;

--
-- Dumping data for table `migrations`
--

INSERT INTO `migrations` (`id`, `migration`, `batch`) VALUES
(1, '2014_10_12_000000_create_users_table', 1),
(2, '2014_10_12_100000_create_password_resets_table', 1),
(3, '2019_05_04_100838_create_member_table', 1),
(4, '2020_04_12_201141_create_deposite_table', 1),
(5, '2020_04_27_212334_create_file_table', 1),
(6, '2020_05_03_222156_create_gallery_table', 1);

-- --------------------------------------------------------

--
-- Table structure for table `password_resets`
--

CREATE TABLE `password_resets` (
  `email` varchar(191) COLLATE utf8mb4_unicode_ci NOT NULL,
  `token` varchar(191) COLLATE utf8mb4_unicode_ci NOT NULL,
  `created_at` timestamp NULL DEFAULT NULL
) ENGINE=InnoDB DEFAULT CHARSET=utf8mb4 COLLATE=utf8mb4_unicode_ci;

-- --------------------------------------------------------

--
-- Table structure for table `users`
--

CREATE TABLE `users` (
  `id` bigint(20) UNSIGNED NOT NULL,
  `user_id` int(10) UNSIGNED NOT NULL,
  `name` varchar(191) COLLATE utf8mb4_unicode_ci NOT NULL,
  `email` varchar(191) COLLATE utf8mb4_unicode_ci NOT NULL,
  `email_verified_at` timestamp NULL DEFAULT NULL,
  `password` varchar(255) COLLATE utf8mb4_unicode_ci NOT NULL,
  `type` enum('Admin','Chairman','General secretary','Member') COLLATE utf8mb4_unicode_ci DEFAULT NULL,
  `image_link` varchar(128) COLLATE utf8mb4_unicode_ci DEFAULT NULL,
  `remember_token` varchar(100) COLLATE utf8mb4_unicode_ci DEFAULT NULL,
  `created_at` timestamp NULL DEFAULT NULL,
  `updated_at` timestamp NULL DEFAULT NULL
) ENGINE=InnoDB DEFAULT CHARSET=utf8mb4 COLLATE=utf8mb4_unicode_ci;

--
-- Dumping data for table `users`
--

INSERT INTO `users` (`id`, `user_id`, `name`, `email`, `email_verified_at`, `password`, `type`, `image_link`, `remember_token`, `created_at`, `updated_at`) VALUES
(1, 0, 'Raju', 'admin@gmail.com', NULL, '$2y$10$Xa92OzP8T.lUWiKys0A.2uWCUxilxuzEHnM7Ylq6Cd60SZ8WrgEP6', 'Admin', NULL, NULL, NULL, NULL),
(2, 1, 'Rahedul Raju', '01729762344', NULL, '$2y$10$Y9OFbY3cAmjTkF1Z0RZJi.xXpc/Q.ULemDkCOgXwSFl1/4Tt1jpkK', 'Admin', 'RahedulRaju-1587898971.JPG', NULL, '2020-04-13 16:35:02', '2020-04-29 01:50:09'),
(3, 2, 'SYED ARIF UZZAMAN', '01670721687', NULL, '$2y$10$pvgOyJbNjOWlpytvzxgm7e8B8VQASG5E1njJzO5.bZQEDl5tDVVDG', 'Admin', 'SYEDARIFUZZAMAN-1587973105.jpg', NULL, '2020-04-13 16:38:09', '2020-04-29 01:50:42'),
(8, 7, 'AFRIN JAHAN', '01552334824', NULL, '$2y$10$UCAazDkBXkuXR08r9aflGeSasHajZh3lMWMMTKcZ9wJHP.2LWRSQy', 'Member', 'AFRINJAHAN-1587972486.jpg', NULL, '2020-04-27 17:28:06', '2020-04-27 21:42:03'),
(9, 8, 'MD. ASHIKUR RAHMAN', '01818108436', NULL, '$2y$10$qW7mMRPr.nHtbb4VJ4zRo.wGJMQJNb86tEIG8rmM3qBoSv10X3z6q', 'Member', 'MD.ASHIKURRAHMAN-1587977284.jpg', NULL, '2020-04-27 18:48:05', '2020-04-27 21:41:10'),
(10, 9, 'SIMA AKTER', '01919108496', NULL, '$2y$10$iwn4dptsBSOeOq798pT40./os6UE3kkBN/8WnD3pjvf8i2V6rl8TW', 'Member', 'SIMAAKTER-1587977705.jpg', NULL, '2020-04-27 18:55:05', '2020-04-27 21:41:45'),
(11, 10, 'MD. ARIFUL ISLAM KHAN', '01913992542', NULL, '$2y$10$tizuXnbs7mJ4rViZiede8utelGlWFJODfKKO7F1R8FmAVn3wxM17a', 'Member', 'MD.ARIFULISLAMKHAN-1587993965.jpg', NULL, '2020-04-27 22:23:06', '2020-04-27 23:26:05'),
(12, 11, 'MUSHIARA RAHMAN KOLY', '01716478406', NULL, '$2y$10$I3ZINAWE1FdL0ufUN1rs4ObT6rR5zc0c3xdKhVwj1VAa3a/PEQQMu', 'Member', 'MUSHIARARAHMANKOLY-1587996880.jpeg', NULL, '2020-04-28 00:03:35', '2020-04-28 00:14:40'),
(13, 12, 'RIFAT SULTANA HOQ', '01965340818', NULL, '$2y$10$GviFo.9yZ3RMSPd9L0hn6.qi/XFh3Pi50MM7DU5RNBKUrpWfH0MzS', 'Member', 'RIFATSULTANAHOQ-1588000667.jpeg', NULL, '2020-04-28 00:49:09', '2020-04-28 01:17:47'),
(14, 13, 'MD.RAFIUL HASAN', '01925008360', NULL, '$2y$10$6s9knr8lVIT8/K2XetJwB.DiW1ZAFhAaf.6kuN3XZI3MUpS5PW7eO', 'Member', 'MD.RAFIULHASAN-1587999918.jpg', NULL, '2020-04-28 01:05:18', '2020-04-28 01:05:18'),
(15, 14, 'MD.MONIRUZZAMAN', '01622086289', NULL, '$2y$10$cK0RZOCSkxuslybQuYQoF.OuAQ2t1YntoKt.yHCI.OGjqtLj9UjaS', 'Member', 'MD.MONIRUZZAMAN-1588074430.jpeg', NULL, '2020-04-28 21:47:11', '2020-04-28 21:47:11'),
(16, 15, 'TASLIMA MONIR', '01673422042', NULL, '$2y$10$IXQT/R87qLeRqyljsicIKODLCcVWLqaj6ArE8fozs32oQh2PNItI.', 'Member', 'TASLIMAMONIR-1588074854.jpeg', NULL, '2020-04-28 21:54:15', '2020-04-28 21:54:15'),
(17, 16, 'MD. ANISUZZAMAN TIPU', '01715663855', NULL, '$2y$10$C5uEDBoVLecwudF69Y7u6e0pKK7k0zRXCTEnI6QAeB3/qPI2bFw3S', 'Member', 'MD.ANISUZZAMANTIPU-1588075421.jpeg', NULL, '2020-04-28 22:03:41', '2020-04-28 22:03:41'),
(18, 17, 'RUBIA AKTHER', '01687300367', NULL, '$2y$10$UljetheC3Ak01LFX3Gr8.Ot04Tp5VdiVPR4IpWvnHD5bRnxvpK2oe', 'Member', 'RUBIAAKTHER-1588083734.jpg', NULL, '2020-04-29 00:22:14', '2020-04-29 00:22:14'),
(19, 18, 'MUHAMMAD ARIFUL ALAM APU', '01683257343', NULL, '$2y$10$gJfpQdNU4RawBLY1CtAJFewTm3gOjonpQEWv.dicECG2OvRTjOZIe', 'Member', 'MUHAMMADARIFULALAMAPU-1588087834.jpg', NULL, '2020-04-29 00:45:54', '2020-04-29 01:45:31'),
(20, 19, 'ARIFUL ISLAM SAZU', '01716940614', NULL, '$2y$10$oot7YcQA6XKIOn67YqsASua53wvLJorO1lkU8D67Qs4hpXnXeWHz.', 'Member', 'ARIFULISLAMSAZU-1588086266.jpeg', NULL, '2020-04-29 01:04:26', '2020-04-29 01:04:26'),
(21, 20, 'MOHAMMAD MEHEDI HASAN', '01781133185', NULL, '$2y$10$vaIb4URWgXLOiCmK08ewIOQsiDXep2DwbPI92q1YZlGwAQjo4s/BG', 'Member', 'MOHAMMADMEHEDIHASAN-1588087812.jpg', NULL, '2020-04-29 01:30:12', '2020-04-29 01:30:12'),
(22, 21, 'MD. HEMAYET UDDIN', '01758471714', NULL, '$2y$10$AfdLzhGoqRSNJOOOHdrbj.RrtssRS9YFb7um8T8350beMh3l77DFy', 'General secretary', 'MD.HEMAYETUDDIN-1588092766.jpg', NULL, '2020-04-29 01:48:02', '2020-04-29 02:52:46'),
(23, 22, 'JAHANGIR ALAM FAKIR', '01677365790', NULL, '$2y$10$JUs28am6r3eJtJkFnGWYbu3cdnn0VHpZThQFRL2eCpc3vKIYPNGCK', 'Chairman', 'JAHANGIRALAMFAKIR-1588092296.jpg', NULL, '2020-04-29 02:44:56', '2020-04-29 02:44:56');

--
-- Indexes for dumped tables
--

--
-- Indexes for table `deposite`
--
ALTER TABLE `deposite`
  ADD PRIMARY KEY (`id`),
  ADD KEY `deposite_member_id_foreign` (`member_id`);

--
-- Indexes for table `file`
--
ALTER TABLE `file`
  ADD PRIMARY KEY (`id`);

--
-- Indexes for table `gallery`
--
ALTER TABLE `gallery`
  ADD PRIMARY KEY (`id`);

--
-- Indexes for table `member`
--
ALTER TABLE `member`
  ADD PRIMARY KEY (`id`);

--
-- Indexes for table `migrations`
--
ALTER TABLE `migrations`
  ADD PRIMARY KEY (`id`);

--
-- Indexes for table `password_resets`
--
ALTER TABLE `password_resets`
  ADD KEY `password_resets_email_index` (`email`);

--
-- Indexes for table `users`
--
ALTER TABLE `users`
  ADD PRIMARY KEY (`id`),
  ADD UNIQUE KEY `email` (`email`);

--
-- AUTO_INCREMENT for dumped tables
--

--
-- AUTO_INCREMENT for table `deposite`
--
ALTER TABLE `deposite`
  MODIFY `id` bigint(20) UNSIGNED NOT NULL AUTO_INCREMENT, AUTO_INCREMENT=2;

--
-- AUTO_INCREMENT for table `file`
--
ALTER TABLE `file`
  MODIFY `id` bigint(20) UNSIGNED NOT NULL AUTO_INCREMENT;

--
-- AUTO_INCREMENT for table `gallery`
--
ALTER TABLE `gallery`
  MODIFY `id` bigint(20) UNSIGNED NOT NULL AUTO_INCREMENT;

--
-- AUTO_INCREMENT for table `member`
--
ALTER TABLE `member`
  MODIFY `id` bigint(20) UNSIGNED NOT NULL AUTO_INCREMENT, AUTO_INCREMENT=2;

--
-- AUTO_INCREMENT for table `migrations`
--
ALTER TABLE `migrations`
  MODIFY `id` int(10) UNSIGNED NOT NULL AUTO_INCREMENT, AUTO_INCREMENT=7;

--
-- AUTO_INCREMENT for table `users`
--
ALTER TABLE `users`
  MODIFY `id` bigint(20) UNSIGNED NOT NULL AUTO_INCREMENT, AUTO_INCREMENT=3;

--
-- Constraints for dumped tables
--

--
-- Constraints for table `deposite`
--
ALTER TABLE `deposite`
  ADD CONSTRAINT `deposite_member_id_foreign` FOREIGN KEY (`member_id`) REFERENCES `member` (`id`) ON DELETE CASCADE;
COMMIT;

/*!40101 SET CHARACTER_SET_CLIENT=@OLD_CHARACTER_SET_CLIENT */;
/*!40101 SET CHARACTER_SET_RESULTS=@OLD_CHARACTER_SET_RESULTS */;
/*!40101 SET COLLATION_CONNECTION=@OLD_COLLATION_CONNECTION */;
